{
  "minMuleVersion": "4.2.0",
  "requiredProduct": "MULE",
  "extensionModelLoaderDescriptor": {
    "id": "crafted",
    "attributes": {
      "type": "org.mule.extension.dpl.api.DynamicPropertiesExtensionLoadingDelegate"
    }
  },
  "name": "dynamic-property-placeholder",
  "classLoaderModelLoaderDescriptor": {
    "id": "mule",
    "attributes": {
      "exportedPackages": [
        "org.mule.extension.dpl.api"
      ],
      "exportedResources": [
        "META-INF/services/org.mule.runtime.config.api.dsl.model.properties.ConfigurationPropertiesProviderFactory"
      ]
    }
  },
  "bundleDescriptorLoader": {
    "id": "mule",
    "attributes": {}
  }
}